date,ground_beef_lb,chicken_whole_lb,bacon_lb,pork_chops_boneless_lb,cpi_all_items
1997-01-01,1.409,1.016,2.664,,159.1
1997-02-01,1.398,1.008,2.651,,159.6
1997-03-01,1.356,1.009,2.657,,160.0
1997-04-01,1.381,1.002,2.66,,160.2
1997-05-01,1.382,1.007,2.627,,160.1
1997-06-01,1.408,0.993,2.694,,160.3
1997-07-01,1.402,1.005,2.718,,160.5
1997-08-01,1.394,0.988,2.755,,160.8
1997-09-01,1.42,0.992,2.75,,161.2
1997-10-01,1.406,0.984,2.73,,161.6
1997-11-01,1.409,1.018,2.665,,161.5
1997-12-01,1.392,1.001,2.607,,161.3
1998-01-01,1.457,1.022,2.644,3.171,161.6
1998-02-01,1.398,1.007,2.623,3.134,161.9
1998-03-01,1.413,1.032,2.539,3.032,162.2
1998-04-01,1.419,1.029,2.444,3.098,162.5
1998-05-01,1.411,1.032,2.438,3.099,162.8
1998-06-01,1.388,1.016,2.457,3.138,163.0
1998-07-01,1.447,1.033,2.517,3.163,163.2
1998-08-01,1.426,1.059,2.513,3.154,163.4
1998-09-01,1.361,1.074,2.576,3.079,163.6
1998-10-01,1.393,1.076,2.567,3.062,164.0
1998-11-01,1.442,1.084,2.619,2.97,164.0
1998-12-01,1.388,1.06,2.58,2.934,163.9
1999-01-01,1.382,1.072,2.523,2.866,164.3
1999-02-01,1.431,1.064,2.52,2.99,164.5
1999-03-01,1.404,1.057,2.507,2.937,165.0
1999-04-01,1.429,1.057,2.445,2.951,166.2
1999-05-01,1.444,1.026,2.474,3.007,166.2
1999-06-01,1.448,1.041,2.504,3.026,166.2
1999-07-01,1.435,1.045,2.503,3.043,166.7
1999-08-01,1.442,1.043,2.543,3.066,167.1
1999-09-01,1.484,1.08,2.58,3.112,167.9
1999-10-01,1.496,1.055,2.57,3.057,168.2
1999-11-01,1.518,1.078,2.658,3.056,168.3
1999-12-01,1.528,1.053,2.752,3.061,168.3
2000-01-01,1.483,1.059,2.75,3.052,168.8
2000-02-01,1.516,1.046,2.871,3.097,169.8
2000-03-01,1.532,1.064,2.928,3.118,171.2
2000-04-01,1.584,1.069,2.953,3.134,171.3
2000-05-01,1.57,1.052,3.006,3.171,171.5
2000-06-01,1.556,1.069,3.132,3.162,172.4
2000-07-01,1.574,1.089,3.168,3.201,172.8
2000-08-01,1.611,1.086,3.2,3.249,172.8
2000-09-01,1.579,1.087,3.209,3.233,173.7
2000-10-01,1.582,1.09,3.069,3.234,174.0
2000-11-01,1.621,1.065,3.053,3.208,174.1
2000-12-01,1.625,1.078,3.028,3.242,174.0
2001-01-01,1.693,1.091,2.994,3.223,175.1
2001-02-01,1.732,1.09,3.065,3.248,175.8
2001-03-01,1.74,1.103,3.159,3.265,176.2
2001-04-01,1.763,1.101,3.114,3.295,176.9
2001-05-01,1.735,1.095,3.256,3.28,177.7
2001-06-01,1.703,1.106,3.253,3.316,178.0
2001-07-01,1.68,1.102,3.324,3.342,177.5
2001-08-01,1.634,1.11,3.468,3.376,177.5
2001-09-01,1.717,1.107,3.487,3.361,178.3
2001-10-01,1.713,1.115,3.338,3.329,177.7
2001-11-01,1.747,1.133,3.297,3.305,177.4
2001-12-01,1.713,1.109,3.3,3.307,176.7
2002-01-01,1.734,1.091,3.271,3.341,177.1
2002-02-01,1.7,1.111,3.317,3.292,177.8
2002-03-01,1.74,1.11,3.266,3.266,178.8
2002-04-01,1.784,1.11,3.257,3.207,179.8
2002-05-01,1.737,1.094,3.182,3.255,179.8
2002-06-01,1.719,1.066,3.193,3.241,179.9
2002-07-01,1.659,1.077,3.231,3.263,180.1
2002-08-01,1.669,1.035,3.269,3.246,180.7
2002-09-01,1.676,1.074,3.155,3.154,181.0
2002-10-01,1.721,1.027,3.24,3.108,181.3
2002-11-01,1.721,1.044,3.211,3.051,181.3
2002-12-01,1.693,1.048,3.242,3.106,180.9
2003-01-01,1.722,1.004,3.195,3.07,181.7
2003-02-01,1.778,1.031,3.281,3.117,183.1
2003-03-01,1.858,1.049,3.216,3.126,184.2
2003-04-01,1.855,1.053,3.287,3.157,183.8
2003-05-01,1.856,1.031,3.086,2.955,183.5
2003-06-01,1.932,1.033,3.136,2.976,183.7
2003-07-01,1.878,1.027,3.155,3.081,183.9
2003-08-01,2.006,1.023,3.229,3.022,184.6
2003-09-01,2.022,1.022,3.219,3.116,185.2
2003-10-01,2.01,1.022,3.161,3.177,185.0
2003-11-01,2.256,1.068,3.228,3.129,184.5
2003-12-01,2.232,1.05,3.182,3.069,184.3
2004-01-01,2.26,1.062,3.157,3.11,185.2
2004-02-01,2.25,1.06,3.189,3.123,186.2
2004-03-01,2.196,1.1,3.129,3.149,187.4
2004-04-01,2.089,1.12,3.196,3.113,188.0
2004-05-01,2.125,1.039,3.33,3.159,189.1
2004-06-01,2.078,1.06,3.42,3.308,189.7
2004-07-01,2.095,1.077,3.47,3.371,189.4
2004-08-01,2.13,1.092,3.622,3.291,189.5
2004-09-01,2.121,1.078,3.589,3.349,189.9
2004-10-01,2.21,1.078,3.606,3.191,190.9
2004-11-01,2.216,1.039,3.438,3.167,191.0
2004-12-01,2.14,1.03,3.369,3.106,190.3
2005-01-01,2.191,1.026,3.367,3.215,190.7
2005-02-01,2.229,1.038,3.395,3.18,191.8
2005-03-01,2.218,1.061,3.355,3.2,193.3
2005-04-01,2.309,1.07,3.331,3.209,194.6
2005-05-01,2.363,1.052,3.56,3.232,194.4
2005-06-01,2.338,1.075,3.457,3.306,194.5
2005-07-01,2.299,1.067,3.478,3.271,195.4
2005-08-01,2.422,1.042,3.442,3.28,196.4
2005-09-01,2.377,1.056,3.404,3.254,198.8
2005-10-01,2.206,1.062,3.327,3.212,199.2
2005-11-01,2.302,1.059,3.262,3.222,197.6
2005-12-01,2.303,1.061,3.327,3.179,196.8
2006-01-01,2.277,1.062,3.364,3.146,198.3
2006-02-01,2.188,1.045,3.385,3.211,198.7
2006-03-01,2.251,1.047,3.396,3.215,199.8
2006-04-01,2.228,1.054,3.343,3.168,201.5
2006-05-01,2.24,1.034,3.309,3.119,202.5
2006-06-01,2.237,1.055,3.399,3.14,202.9
2006-07-01,2.147,1.04,3.508,3.167,203.5
2006-08-01,2.213,1.048,3.559,3.17,203.9
2006-09-01,2.202,1.063,3.552,3.185,202.9
2006-10-01,2.206,1.038,3.61,3.1,201.8
2006-11-01,2.206,1.049,3.444,3.095,201.5
2006-12-01,2.259,1.057,3.458,3.036,201.8
2007-01-01,2.185,1.033,3.51,3.037,202.416
2007-02-01,2.304,1.039,3.566,3.049,203.499
2007-03-01,2.292,1.064,3.464,3.138,205.352
2007-04-01,2.254,1.115,3.496,3.152,206.686
2007-05-01,2.307,1.118,3.651,3.194,207.949
2007-06-01,2.333,1.134,3.657,3.229,208.352
2007-07-01,2.366,1.13,3.723,3.269,208.299
2007-08-01,2.395,1.145,3.798,3.207,207.917
2007-09-01,2.372,1.142,3.784,3.151,208.49
2007-10-01,2.26,1.135,3.883,3.163,208.936
2007-11-01,2.289,1.161,3.656,3.153,210.177
2007-12-01,2.234,1.166,3.688,3.153,210.036
2008-01-01,2.328,1.163,3.652,3.162,211.08
2008-02-01,2.381,1.159,3.62,3.109,211.693
2008-03-01,2.293,1.168,3.623,3.147,213.528
2008-04-01,2.323,1.176,3.554,3.156,214.823
2008-05-01,2.313,1.194,3.637,3.268,216.632
2008-06-01,2.269,1.181,3.655,3.374,218.815
2008-07-01,2.258,1.191,3.605,3.412,219.964
2008-08-01,2.371,1.223,3.842,3.383,219.086
2008-09-01,2.419,1.214,3.725,3.434,218.783
2008-10-01,2.402,1.205,3.745,3.333,216.573
2008-11-01,2.357,1.304,3.597,3.284,212.425
2008-12-01,2.406,1.305,3.67,3.268,210.228
2009-01-01,2.357,1.292,3.73,3.192,211.143
2009-02-01,2.436,1.29,3.62,3.166,212.193
2009-03-01,2.269,1.301,3.59,3.189,212.709
2009-04-01,2.251,1.296,3.581,3.13,213.24
2009-05-01,2.257,1.304,3.663,3.122,213.856
2009-06-01,2.234,1.282,3.621,3.163,215.693
2009-07-01,2.147,1.261,3.64,3.167,215.351
2009-08-01,2.134,1.287,3.588,3.191,215.834
2009-09-01,2.138,1.258,3.592,3.107,215.969
2009-10-01,2.177,1.244,3.603,3.096,216.177
2009-11-01,2.062,1.256,3.498,2.998,216.33
2009-12-01,2.186,1.267,3.57,3.017,215.949
2010-01-01,2.279,1.265,3.63,3.078,216.687
2010-02-01,2.277,1.265,3.642,3.21,216.741
2010-03-01,2.24,1.231,3.669,3.066,217.631
2010-04-01,2.364,1.23,3.643,3.134,218.009
2010-05-01,2.309,1.259,3.862,3.257,218.178
2010-06-01,2.4,1.239,4.046,3.234,217.965
2010-07-01,2.453,1.28,4.213,3.301,218.011
2010-08-01,2.502,1.254,4.353,3.29,218.312
2010-09-01,2.398,1.276,4.574,3.337,218.439
2010-10-01,2.397,1.302,4.773,3.301,218.711
2010-11-01,2.394,1.277,4.697,3.296,218.803
2010-12-01,2.378,1.28,4.16,3.303,219.179
2011-01-01,2.533,1.241,4.25,3.368,220.223
2011-02-01,2.659,1.266,4.366,3.483,221.309
2011-03-01,2.715,1.269,4.537,3.473,223.467
2011-04-01,2.722,1.261,4.662,3.412,224.906
2011-05-01,2.694,1.302,4.77,3.552,225.964
2011-06-01,2.774,1.305,4.84,3.55,225.722
2011-07-01,2.818,1.306,4.755,3.508,225.922
2011-08-01,2.819,1.296,4.77,3.576,226.545
2011-09-01,2.868,1.294,4.819,3.644,226.889
2011-10-01,2.876,1.312,4.586,3.589,226.421
2011-11-01,2.899,1.304,4.637,3.525,226.23
2011-12-01,2.921,1.34,4.55,3.548,225.672
2012-01-01,3.005,1.334,4.571,3.592,226.665
2012-02-01,2.947,1.356,4.655,3.529,227.663
2012-03-01,3.016,1.372,4.6,3.522,229.392
2012-04-01,2.998,1.401,4.533,3.498,230.085
2012-05-01,2.995,1.347,4.385,3.521,229.815
2012-06-01,3.007,1.39,4.326,3.52,229.478
2012-07-01,3.085,1.454,4.365,3.562,229.104
2012-08-01,2.991,1.433,4.609,3.586,230.379
2012-09-01,3.024,1.455,4.692,3.507,231.407
2012-10-01,,1.53,4.661,3.537,231.317
2012-11-01,3.175,1.512,4.64,3.528,230.221
2012-12-01,3.08,1.482,4.639,3.465,229.601
2013-01-01,3.407,1.497,4.722,3.465,230.28
2013-02-01,3.379,1.456,4.831,3.571,232.166
2013-03-01,3.332,1.471,4.909,3.53,232.773
2013-04-01,3.268,1.473,4.887,3.489,232.531
2013-05-01,3.311,1.466,5.092,3.552,232.945
2013-06-01,3.382,1.509,5.334,3.388,233.504
2013-07-01,3.459,1.484,5.494,3.508,233.596
2013-08-01,3.454,1.489,5.618,3.534,233.877
2013-09-01,3.502,1.528,5.68,3.609,234.149
2013-10-01,3.389,1.543,5.708,3.58,233.546
2013-11-01,3.477,1.518,5.615,3.681,233.069
2013-12-01,3.46,1.52,5.544,3.731,233.049
2014-01-01,3.467,1.529,5.563,3.723,233.916
2014-02-01,3.555,1.504,5.461,3.659,234.781
2014-03-01,3.698,1.544,5.552,3.824,236.293
2014-04-01,3.808,1.53,5.69,4.044,237.072
2014-05-01,3.856,1.556,6.048,4.106,237.9
2014-06-01,3.88,1.503,6.106,4.024,238.343
2014-07-01,3.884,1.495,6.009,4.005,238.25
2014-08-01,4.013,1.572,6.068,4.172,237.852
2014-09-01,4.096,1.543,5.953,4.173,238.031
2014-10-01,4.154,1.549,5.759,4.174,237.433
2014-11-01,4.201,1.533,5.574,4.1,236.151
2014-12-01,4.156,1.541,5.531,4.056,234.812
2015-01-01,4.235,1.546,5.589,3.988,233.707
2015-02-01,4.238,1.55,5.472,3.962,234.722
2015-03-01,4.2,1.545,5.367,3.867,236.119
2015-04-01,4.231,1.539,5.211,3.813,236.599
2015-05-01,4.136,1.483,4.94,3.786,237.805
2015-06-01,4.221,1.515,5.059,3.824,238.638
2015-07-01,4.2,1.487,5.184,3.917,238.654
2015-08-01,4.159,1.428,5.41,3.863,238.316
2015-09-01,4.126,1.415,5.734,3.88,237.945
2015-10-01,4.083,1.43,5.899,3.875,237.838
2015-11-01,4.113,1.484,5.847,3.797,237.336
2015-12-01,4.06,1.437,5.734,3.807,236.525
2016-01-01,3.978,1.429,5.656,3.656,236.916
2016-02-01,3.964,1.478,5.394,3.658,237.111
2016-03-01,3.955,1.463,5.494,3.693,238.132
2016-04-01,3.815,1.496,5.613,3.707,239.261
2016-05-01,3.717,1.489,5.552,3.72,240.229
2016-06-01,3.725,1.408,5.374,3.752,241.018
2016-07-01,3.69,1.445,5.454,3.832,240.628
2016-08-01,3.657,1.426,5.448,3.76,240.849
2016-09-01,3.665,1.487,5.481,3.662,241.428
2016-10-01,3.679,1.502,5.375,3.632,241.729
2016-11-01,3.597,1.478,5.106,3.512,241.353
2016-12-01,3.559,1.463,5.102,3.462,241.432
2017-01-01,3.553,1.418,5.18,3.354,242.839
2017-02-01,3.557,1.473,5.334,3.45,243.603
2017-03-01,3.594,1.462,5.745,3.443,243.801
2017-04-01,3.547,1.444,5.775,3.441,244.524
2017-05-01,3.559,1.499,5.699,3.425,244.733
2017-06-01,3.679,1.497,5.665,3.42,244.955
2017-07-01,3.754,1.496,5.819,3.417,244.786
2017-08-01,3.732,1.489,6.241,3.482,245.519
2017-09-01,3.707,1.48,6.366,3.481,246.819
2017-10-01,3.688,1.484,6.066,3.378,246.663
2017-11-01,3.638,1.451,5.708,3.366,246.669
2017-12-01,3.708,1.47,5.629,3.302,246.524
2018-01-01,3.641,1.509,5.654,3.224,247.867
2018-02-01,3.642,1.478,5.533,3.186,248.991
2018-03-01,3.657,1.502,5.527,3.207,249.554
2018-04-01,3.73,1.511,5.421,3.293,250.546
2018-05-01,3.685,1.523,5.452,3.284,251.588
2018-06-01,3.729,1.514,5.247,3.272,251.989
2018-07-01,3.745,1.519,5.418,3.262,252.006
2018-08-01,3.792,1.511,5.577,3.338,252.146
2018-09-01,3.743,1.487,5.501,3.289,252.439
2018-10-01,3.714,1.444,5.37,3.367,252.885
2018-11-01,3.781,1.501,5.392,3.306,252.038
2018-12-01,3.725,1.466,5.502,3.361,251.233
2019-01-01,3.801,1.473,5.518,3.199,251.712
2019-02-01,3.758,1.486,5.502,3.298,252.776
2019-03-01,3.725,1.468,5.608,3.311,254.202
2019-04-01,3.775,1.463,5.552,3.354,255.548
2019-05-01,3.822,1.479,5.812,3.441,256.092
2019-06-01,3.812,1.59,5.878,3.312,256.143
2019-07-01,3.8,1.562,5.701,3.411,256.571
2019-08-01,3.819,1.514,5.576,3.379,256.558
2019-09-01,3.851,1.487,5.571,3.335,256.759
2019-10-01,3.841,1.538,5.653,3.238,257.346
2019-11-01,3.812,1.43,5.505,3.399,257.208
2019-12-01,3.862,1.45,5.474,3.391,256.974
2020-01-01,3.886,1.409,5.505,3.368,257.971
2020-02-01,3.865,1.362,5.497,3.419,258.678
2020-03-01,3.881,1.4,5.257,3.415,258.115
2020-04-01,4.052,1.571,5.346,3.673,256.389
2020-05-01,4.461,,5.348,3.972,256.394
2020-06-01,4.737,1.747,5.772,4.189,257.797
2020-07-01,4.264,1.712,5.776,3.91,259.101
2020-08-01,4.177,1.609,5.559,3.788,259.918
2020-09-01,4.076,1.542,5.619,3.799,260.28
2020-10-01,4.008,1.58,5.722,3.632,260.388
2020-11-01,4.027,1.639,5.754,3.737,260.229
2020-12-01,3.951,1.621,5.831,3.741,260.474
2021-01-01,3.965,1.595,5.831,3.694,261.582
2021-02-01,3.987,1.583,5.778,3.676,263.014
2021-03-01,4.042,1.543,5.852,3.765,264.877
2021-04-01,4.096,1.515,6.215,3.844,267.054
2021-05-01,4.101,1.486,6.346,3.875,269.195
2021-06-01,4.357,1.474,6.67,4.089,271.696
2021-07-01,4.388,1.435,6.857,4.081,273.003
2021-08-01,4.468,1.472,7.096,4.057,273.567
2021-09-01,4.504,1.504,7.22,4.051,274.31
2021-10-01,4.719,1.523,7.317,4.147,276.589
2021-11-01,4.716,1.583,7.265,4.072,277.948
2021-12-01,4.604,1.606,7.211,4.023,278.802
2022-01-01,4.554,1.622,7.222,4.019,281.148
2022-02-01,4.63,1.632,7.097,4.031,283.716
2022-03-01,4.757,1.724,7.203,4.126,287.504
2022-04-01,4.916,1.794,7.422,4.178,289.109
2022-05-01,4.794,1.824,7.364,4.13,292.296
2022-06-01,4.889,1.826,7.403,4.068,296.311
2022-07-01,4.893,1.88,7.415,4.174,296.276
2022-08-01,4.937,1.879,7.372,4.248,296.171
2022-09-01,4.862,1.891,7.383,4.187,296.808
2022-10-01,4.836,1.863,7.608,4.273,298.012
2022-11-01,4.853,1.843,7.243,4.163,297.711
2022-12-01,4.8,1.83,6.956,4.314,296.797
2023-01-01,4.791,1.855,6.808,4.14,299.17
2023-02-01,4.778,1.894,6.595,4.256,300.84
2023-03-01,4.813,1.868,6.613,4.165,301.836
2023-04-01,4.79,1.873,6.549,4.099,303.363
2023-05-01,4.96,1.92,6.339,4.189,304.127
2023-06-01,5.028,1.953,6.224,4.241,305.109
2023-07-01,5.102,1.891,6.236,4.238,305.691
2023-08-01,5.076,1.958,6.502,4.359,307.026
2023-09-01,5.109,1.901,7.083,4.327,307.789
2023-10-01,5.226,1.926,7.223,4.452,307.671
2023-11-01,5.353,1.976,6.899,4.343,307.051
2023-12-01,5.21,1.955,6.774,4.256,306.746
2024-01-01,5.03,1.987,6.614,4.236,308.417
2024-02-01,5.132,1.951,6.56,4.157,310.326
2024-03-01,5.132,1.991,6.609,4.256,312.332
2024-04-01,5.236,1.953,6.637,4.235,313.548
2024-05-01,5.148,2.013,6.818,4.391,314.069
2024-06-01,5.472,2.007,6.827,4.397,314.175
2024-07-01,5.497,1.988,6.883,4.409,314.54
2024-08-01,5.577,1.988,6.785,4.403,314.796
2024-09-01,5.67,1.979,6.955,4.328,315.301
2024-10-01,5.588,1.987,6.869,4.273,315.664
2024-11-01,5.628,2.076,6.843,4.43,315.493
2024-12-01,5.605,2.061,6.915,4.308,315.605
2025-01-01,5.545,2.061,7.044,4.249,317.671
2025-02-01,5.625,2.051,6.798,4.226,319.082
2025-03-01,5.79,2.064,6.978,4.341,319.799
2025-04-01,5.801,2.059,7.009,4.244,320.795
2025-05-01,5.981,2.061,6.985,4.22,321.465
2025-06-01,6.12,2.086,7.098,4.264,322.561
2025-07-01,6.254,2.078,7.118,4.333,323.048
2025-08-01,6.318,2.076,7.208,4.299,323.976
2025-09-01,6.323,2.061,7.29,4.349,324.8
2025-11-01,6.54,2.044,6.928,4.097,324.122
2025-12-01,6.687,2.02,6.76,4.298,324.054
2026-01-01,6.752,2.041,6.978,4.15,325.252
2026-02-01,6.739,2.049,6.904,4.191,326.785
2026-03-01,6.701,2.033,6.801,4.181,330.213
2026-04-01,6.899,2.026,6.826,4.331,333.02
2026-05-01,6.745,2.036,6.712,4.389,335.123
2026-06-01,6.825,2.044,6.561,4.336,333.952
