report_date,market,price,national_index,n_markets,basis
2000-01-07,Kalona,67.6875,75.87083333333334,3,-8.183333333333337
2000-01-07,Midwest,81.675,75.87083333333334,3,5.80416666666666
2000-01-07,San Angelo,78.25,75.87083333333334,3,2.379166666666663
2000-03-03,Kalona,76.1875,80.496875,4,-4.309375000000003
2000-03-03,Midwest,89.55,80.496875,4,9.053124999999994
2000-03-03,San Angelo,82.0,80.496875,4,1.5031249999999972
2000-03-03,South Dakota,74.25,80.496875,4,-6.246875000000003
2000-06-09,Kalona,90.0,83.9375,3,6.0625
2000-06-09,Midwest,89.5625,83.9375,3,5.625
2000-06-09,San Angelo,72.25,83.9375,3,-11.6875
2000-12-08,Kalona,67.75,74.09166666666667,3,-6.341666666666669
2000-12-08,Midwest,79.025,74.09166666666667,3,4.933333333333337
2000-12-08,San Angelo,75.5,74.09166666666667,3,1.4083333333333314
2002-10-18,Kalona,82.875,77.08333333333333,3,5.791666666666671
2002-10-18,Midwest,72.625,77.08333333333333,3,-4.458333333333329
2002-10-18,San Angelo,75.75,77.08333333333333,3,-1.3333333333333286
2002-11-29,Kalona,85.125,80.3125,2,4.8125
2002-11-29,Midwest,75.5,80.3125,2,-4.8125
2003-02-07,Kalona,92.1875,89.40625,4,2.78125
2003-02-07,Midwest,88.4375,89.40625,4,-0.96875
2003-02-07,Missouri,86.5,89.40625,4,-2.90625
2003-02-07,San Angelo,90.5,89.40625,4,1.09375
2003-04-11,Kalona,95.75,91.16666666666667,3,4.583333333333329
2003-04-11,Midwest,92.75,91.16666666666667,3,1.5833333333333286
2003-04-11,San Angelo,85.0,91.16666666666667,3,-6.166666666666671
2003-10-10,Kalona,98.5,88.05,5,10.450000000000003
2003-10-10,Midwest,83.0,88.05,5,-5.049999999999997
2003-10-10,Missouri,83.0,88.05,5,-5.049999999999997
2003-10-10,San Angelo,90.0,88.05,5,1.9500000000000028
2003-10-10,South Dakota,85.75,88.05,5,-2.299999999999997
2003-12-05,Kalona,105.75,92.65,5,13.099999999999994
2003-12-05,Midwest,86.25,92.65,5,-6.400000000000006
2003-12-05,Missouri,87.5,92.65,5,-5.150000000000006
2003-12-05,San Angelo,96.0,92.65,5,3.3499999999999943
2003-12-05,South Dakota,87.75,92.65,5,-4.900000000000006
2004-02-06,Kalona,120.0,103.27083333333333,4,16.72916666666667
2004-02-06,Midwest,102.33333333333333,103.27083333333333,4,-0.9375
2004-02-06,Missouri,89.5,103.27083333333333,4,-13.770833333333329
2004-02-06,San Angelo,101.25,103.27083333333333,4,-2.0208333333333286
2004-05-28,Eastern Area,110.5,99.75,5,10.75
2004-05-28,Kalona,101.875,99.75,5,2.125
2004-05-28,Midwest,95.875,99.75,5,-3.875
2004-05-28,San Angelo,98.5,99.75,5,-1.25
2004-05-28,South Dakota,92.0,99.75,5,-7.75
2004-12-03,Kalona,98.375,102.8888888888889,3,-4.5138888888889
2004-12-03,Midwest,109.79166666666667,102.8888888888889,3,6.9027777777777715
2004-12-03,San Angelo,100.5,102.8888888888889,3,-2.3888888888889
2005-02-04,Eastern Area,145.0,121.73333333333332,5,23.26666666666668
2005-02-04,Kalona,126.83333333333333,121.73333333333332,5,5.1000000000000085
2005-02-04,Midwest,117.70833333333333,121.73333333333332,5,-4.0249999999999915
2005-02-04,Missouri,103.25,121.73333333333332,5,-18.48333333333332
2005-02-04,San Angelo,115.875,121.73333333333332,5,-5.85833333333332
2005-04-01,Eastern Area,121.0,113.54166666666667,3,7.458333333333329
2005-04-01,Midwest,106.125,113.54166666666667,3,-7.416666666666671
2005-04-01,San Angelo,113.5,113.54166666666667,3,-0.041666666666671404
2005-07-01,Eastern Area,111.0,110.9375,4,0.0625
2005-07-01,Kalona,120.25,110.9375,4,9.3125
2005-07-01,Midwest,110.0,110.9375,4,-0.9375
2005-07-01,San Angelo,102.5,110.9375,4,-8.4375
2005-07-08,Eastern Area,114.5,116.0625,4,-1.5625
2005-07-08,Kalona,113.0,116.0625,4,-3.0625
2005-07-08,Midwest,107.75,116.0625,4,-8.3125
2005-07-08,South Dakota,129.0,116.0625,4,12.9375
2005-12-16,Eastern Area,132.0,107.265625,4,24.734375
2005-12-16,Kalona,120.25,107.265625,4,12.984375
2005-12-16,Midwest,82.8125,107.265625,4,-24.453125
2005-12-16,San Angelo,94.0,107.265625,4,-13.265625
2006-06-23,Midwest,92.0,84.75,2,7.25
2006-06-23,San Angelo,77.5,84.75,2,-7.25
2006-09-22,Eastern Area,155.0,104.6,5,50.400000000000006
2006-09-22,Kalona,93.25,104.6,5,-11.349999999999994
2006-09-22,Midwest,98.0,104.6,5,-6.599999999999994
2006-09-22,San Angelo,85.5,104.6,5,-19.099999999999994
2006-09-22,South Dakota,91.25,104.6,5,-13.349999999999994
2006-09-29,Eastern Area,117.0,100.453125,4,16.546875
2006-09-29,Kalona,94.5,100.453125,4,-5.953125
2006-09-29,Midwest,106.3125,100.453125,4,5.859375
2006-09-29,San Angelo,84.0,100.453125,4,-16.453125
2007-02-02,Kalona,101.0,100.53125,4,0.46875
2007-02-02,Missouri,122.0,100.53125,4,21.46875
2007-02-02,San Angelo,89.75,100.53125,4,-10.78125
2007-02-02,South Dakota,89.375,100.53125,4,-11.15625
2007-06-01,Eastern Area,130.5,104.25,5,26.25
2007-06-01,Kalona,115.25,104.25,5,11.0
2007-06-01,Missouri,83.33333333333333,104.25,5,-20.91666666666667
2007-06-01,San Angelo,98.66666666666667,104.25,5,-5.583333333333329
2007-06-01,South Dakota,93.5,104.25,5,-10.75
2007-12-14,Kalona,93.0,97.98958333333333,3,-4.989583333333329
2007-12-14,Missouri,100.71875,97.98958333333333,3,2.7291666666666714
2007-12-14,San Angelo,100.25,97.98958333333333,3,2.2604166666666714
2008-02-15,Eastern Area,148.0,110.43055555555557,5,37.56944444444443
2008-02-15,Kalona,97.25,110.43055555555557,5,-13.180555555555571
2008-02-15,Missouri,108.83333333333333,110.43055555555557,5,-1.5972222222222427
2008-02-15,San Angelo,109.94444444444444,110.43055555555557,5,-0.4861111111111285
2008-02-15,South Dakota,88.125,110.43055555555557,5,-22.30555555555557
2008-04-18,Eastern Area,151.0,124.44375,4,26.556250000000006
2008-04-18,Kalona,133.625,124.44375,4,9.181250000000006
2008-04-18,Missouri,98.0,124.44375,4,-26.443749999999994
2008-04-18,San Angelo,115.15,124.44375,4,-9.293749999999989
2008-10-03,Eastern Area,89.0,89.0625,5,-0.0625
2008-10-03,Kalona,91.625,89.0625,5,2.5625
2008-10-03,Missouri,86.25,89.0625,5,-2.8125
2008-10-03,San Angelo,88.1875,89.0625,5,-0.875
2008-10-03,South Dakota,90.25,89.0625,5,1.1875
2009-03-27,Eastern Area,154.0,115.0,4,39.0
2009-03-27,Missouri,107.0,115.0,4,-8.0
2009-03-27,San Angelo,93.0,115.0,4,-22.0
2009-03-27,South Dakota,106.0,115.0,4,-9.0
2009-06-19,Eastern Area,122.5,108.525,5,13.974999999999994
2009-06-19,Kalona,107.625,108.525,5,-0.9000000000000057
2009-06-19,Missouri,108.5,108.525,5,-0.025000000000005684
2009-06-19,San Angelo,93.0,108.525,5,-15.525000000000006
2009-06-19,South Dakota,111.0,108.525,5,2.4749999999999943
2009-07-15,Eastern Area,113.0,95.4,4,17.599999999999994
2009-07-15,Kalona,91.5,95.4,4,-3.9000000000000057
2009-07-15,Missouri,84.75,95.4,4,-10.650000000000006
2009-07-15,San Angelo,92.35,95.4,4,-3.0500000000000114
2009-12-11,Missouri,111.25,100.375,3,10.875
2009-12-11,San Angelo,99.25,100.375,3,-1.125
2009-12-11,South Dakota,90.625,100.375,3,-9.75
2010-01-08,San Angelo,93.0,93.0,1,0.0
2010-03-19,Kalona,125.875,133.45833333333334,3,-7.583333333333343
2010-03-19,Missouri,136.0,133.45833333333334,3,2.541666666666657
2010-03-19,San Angelo,138.5,133.45833333333334,3,5.041666666666657
2010-04-09,Missouri,142.0,141.91666666666669,2,0.08333333333331439
2010-04-09,San Angelo,141.83333333333334,141.91666666666669,2,-0.08333333333334281
2010-05-28,Kalona,126.875,115.95833333333333,3,10.916666666666671
2010-05-28,San Angelo,98.0,115.95833333333333,3,-17.95833333333333
2010-05-28,South Dakota,123.0,115.95833333333333,3,7.041666666666671
2010-06-04,Missouri,131.5,123.91666666666667,3,7.583333333333329
2010-06-04,San Angelo,113.75,123.91666666666667,3,-10.166666666666671
2010-06-04,South Dakota,126.5,123.91666666666667,3,2.5833333333333286
2010-09-24,Ft. Collins,136.25,137.95,5,-1.6999999999999886
2010-09-24,Kalona,140.25,137.95,5,2.3000000000000114
2010-09-24,Missouri,132.625,137.95,5,-5.324999999999989
2010-09-24,San Angelo,137.125,137.95,5,-0.8249999999999886
2010-09-24,South Dakota,143.5,137.95,5,5.550000000000011
2010-10-08,Billings,130.875,136.15277777777777,6,-5.2777777777777715
2010-10-08,Ft. Collins,131.25,136.15277777777777,6,-4.9027777777777715
2010-10-08,Kalona,136.25,136.15277777777777,6,0.09722222222222854
2010-10-08,Missouri,131.41666666666666,136.15277777777777,6,-4.736111111111114
2010-10-08,San Angelo,142.0,136.15277777777777,6,5.8472222222222285
2010-10-08,South Dakota,145.125,136.15277777777777,6,8.972222222222229
2011-02-11,Kalona,171.75,176.3125,4,-4.5625
2011-02-11,Missouri,189.0,176.3125,4,12.6875
2011-02-11,San Angelo,187.0,176.3125,4,10.6875
2011-02-11,South Dakota,157.5,176.3125,4,-18.8125
2011-04-15,Kalona,197.5,191.1875,4,6.3125
2011-04-15,Missouri,204.5,191.1875,4,13.3125
2011-04-15,San Angelo,163.75,191.1875,4,-27.4375
2011-04-15,South Dakota,199.0,191.1875,4,7.8125
2011-04-29,San Angelo,145.0,145.0,1,0.0
2011-10-21,Ft. Collins,170.91666666666666,168.1875,4,2.729166666666657
2011-10-21,Missouri,169.83333333333334,168.1875,4,1.6458333333333428
2011-10-21,San Angelo,165.0,168.1875,4,-3.1875
2011-10-21,South Dakota,167.0,168.1875,4,-1.1875
2012-06-22,Ft. Collins,147.5,133.6875,4,13.8125
2012-06-22,Kalona,135.25,133.6875,4,1.5625
2012-06-22,San Angelo,114.5,133.6875,4,-19.1875
2012-06-22,South Dakota,137.5,133.6875,4,3.8125
2012-11-30,Kalona,96.75,93.64583333333333,4,3.1041666666666714
2012-11-30,Missouri,90.83333333333333,93.64583333333333,4,-2.8125
2012-11-30,San Angelo,88.5,93.64583333333333,4,-5.145833333333329
2012-11-30,South Dakota,98.5,93.64583333333333,4,4.854166666666671
2013-01-18,Missouri,119.16666666666667,119.47222222222223,3,-0.30555555555555713
2013-01-18,San Angelo,127.25,119.47222222222223,3,7.7777777777777715
2013-01-18,South Dakota,112.0,119.47222222222223,3,-7.4722222222222285
2013-05-17,Ft. Collins,107.66666666666667,106.41666666666667,4,1.25
2013-05-17,Missouri,102.25,106.41666666666667,4,-4.166666666666671
2013-05-17,San Angelo,99.0,106.41666666666667,4,-7.416666666666671
2013-05-17,South Dakota,116.75,106.41666666666667,4,10.333333333333329
2013-07-12,Kalona,112.8,111.96041666666667,4,0.8395833333333229
2013-07-12,Missouri,107.16666666666667,111.96041666666667,4,-4.793750000000003
2013-07-12,San Angelo,99.875,111.96041666666667,4,-12.085416666666674
2013-07-12,South Dakota,128.0,111.96041666666667,4,16.039583333333326
2013-08-16,Ft. Collins,115.875,106.89166666666668,5,8.98333333333332
2013-08-16,Kalona,108.625,106.89166666666668,5,1.73333333333332
2013-08-16,Missouri,99.08333333333333,106.89166666666668,5,-7.808333333333351
2013-08-16,San Angelo,93.125,106.89166666666668,5,-13.76666666666668
2013-08-16,South Dakota,117.75,106.89166666666668,5,10.85833333333332
2014-03-28,Ft. Collins,187.5,183.375,5,4.125
2014-03-28,Kalona,213.75,183.375,5,30.375
2014-03-28,Missouri,189.0,183.375,5,5.625
2014-03-28,San Angelo,167.875,183.375,5,-15.5
2014-03-28,South Dakota,158.75,183.375,5,-24.625
2014-06-20,Ft. Collins,206.125,168.0,5,38.125
2014-06-20,Kalona,161.0,168.0,5,-7.0
2014-06-20,Missouri,152.75,168.0,5,-15.25
2014-06-20,San Angelo,165.375,168.0,5,-2.625
2014-06-20,South Dakota,154.75,168.0,5,-13.25
2014-06-27,Ft. Collins,204.25,165.6375,5,38.61250000000001
2014-06-27,Kalona,156.8125,165.6375,5,-8.824999999999989
2014-06-27,Missouri,155.75,165.6375,5,-9.887499999999989
2014-06-27,San Angelo,165.375,165.6375,5,-0.26249999999998863
2014-06-27,South Dakota,146.0,165.6375,5,-19.63749999999999
2015-02-27,Ft. Collins,221.25,191.13333333333333,5,30.116666666666674
2015-02-27,Kalona,192.91666666666666,191.13333333333333,5,1.7833333333333314
2015-02-27,Missouri,209.16666666666666,191.13333333333333,5,18.03333333333333
2015-02-27,San Angelo,189.83333333333334,191.13333333333333,5,-1.299999999999983
2015-02-27,South Dakota,142.5,191.13333333333333,5,-48.633333333333326
2015-03-13,Ft. Collins,230.0,185.0,2,45.0
2015-03-13,South Dakota,140.0,185.0,2,-45.0
2015-04-03,Billings,119.31,154.137,5,-34.827
2015-04-03,Kalona,170.875,154.137,5,16.738
2015-04-03,Missouri,183.25,154.137,5,29.113
2015-04-03,San Angelo,165.0,154.137,5,10.863
2015-04-03,South Dakota,132.25,154.137,5,-21.887
2015-05-08,Ft. Collins,203.25,180.48333333333332,5,22.76666666666668
2015-05-08,Kalona,187.16666666666666,180.48333333333332,5,6.683333333333337
2015-05-08,Missouri,185.75,180.48333333333332,5,5.26666666666668
2015-05-08,San Angelo,178.25,180.48333333333332,5,-2.23333333333332
2015-05-08,South Dakota,148.0,180.48333333333332,5,-32.48333333333332
2015-07-17,Ft. Collins,190.58333333333334,172.35666666666665,5,18.226666666666688
2015-07-17,Kalona,171.7,172.35666666666665,5,-0.6566666666666663
2015-07-17,Missouri,165.0,172.35666666666665,5,-7.356666666666655
2015-07-17,San Angelo,173.5,172.35666666666665,5,1.143333333333345
2015-07-17,South Dakota,161.0,172.35666666666665,5,-11.356666666666655
2015-09-04,Billings,167.66666666666666,173.36666666666665,5,-5.699999999999989
2015-09-04,Ft. Collins,179.75,173.36666666666665,5,6.383333333333354
2015-09-04,Missouri,184.16666666666666,173.36666666666665,5,10.800000000000011
2015-09-04,San Angelo,181.75,173.36666666666665,5,8.383333333333354
2015-09-04,South Dakota,153.5,173.36666666666665,5,-19.866666666666646
2015-09-25,Ft. Collins,209.25,176.81666666666666,5,32.43333333333334
2015-09-25,Kalona,171.91666666666666,176.81666666666666,5,-4.900000000000006
2015-09-25,Missouri,162.25,176.81666666666666,5,-14.566666666666663
2015-09-25,San Angelo,176.66666666666666,176.81666666666666,5,-0.15000000000000568
2015-09-25,South Dakota,164.0,176.81666666666666,5,-12.816666666666663
2016-07-22,Ft. Collins,185.625,163.55208333333334,4,22.072916666666657
2016-07-22,Missouri,162.5,163.55208333333334,4,-1.0520833333333428
2016-07-22,San Angelo,140.83333333333334,163.55208333333334,4,-22.71875
2016-07-22,South Dakota,165.25,163.55208333333334,4,1.6979166666666572
2017-01-20,Billings,168.25,168.29166666666666,4,-0.04166666666665719
2017-01-20,Ft. Collins,186.25,168.29166666666666,4,17.958333333333343
2017-01-20,San Angelo,178.66666666666666,168.29166666666666,4,10.375
2017-01-20,South Dakota,140.0,168.29166666666666,4,-28.291666666666657
2019-08-09,Ft. Collins,164.0625,167.6365476190476,5,-3.5740476190476045
2019-08-09,Kalona,173.29166666666666,167.6365476190476,5,5.655119047619053
2019-08-09,Missouri,167.65,167.6365476190476,5,0.0134523809524012
2019-08-09,San Angelo,166.17857142857142,167.6365476190476,5,-1.457976190476188
2019-08-09,South Dakota,167.0,167.6365476190476,5,-0.6365476190476045
2019-08-23,Ft. Collins,157.125,155.115,5,2.009999999999991
2019-08-23,Kalona,156.25,155.115,5,1.134999999999991
2019-08-23,Missouri,149.75,155.115,5,-5.365000000000009
2019-08-23,San Angelo,153.2,155.115,5,-1.9150000000000205
2019-08-23,South Dakota,159.25,155.115,5,4.134999999999991
2019-09-13,Ft. Collins,157.0,150.465,5,6.534999999999997
2019-09-13,Kalona,156.0,150.465,5,5.534999999999997
2019-09-13,Missouri,133.5,150.465,5,-16.965000000000003
2019-09-13,San Angelo,156.7,150.465,5,6.234999999999985
2019-09-13,South Dakota,149.125,150.465,5,-1.3400000000000034
2020-08-07,Billings,139.125,154.62053571428572,4,-15.495535714285722
2020-08-07,Kalona,164.625,154.62053571428572,4,10.004464285714278
2020-08-07,San Angelo,178.35714285714286,154.62053571428572,4,23.73660714285714
2020-08-07,South Dakota,136.375,154.62053571428572,4,-18.245535714285722
2020-10-23,Billings,166.66666666666666,179.98333333333332,5,-13.316666666666663
2020-10-23,Ft. Collins,174.5,179.98333333333332,5,-5.48333333333332
2020-10-23,Missouri,174.16666666666666,179.98333333333332,5,-5.816666666666663
2020-10-23,San Angelo,212.33333333333334,179.98333333333332,5,32.35000000000002
2020-10-23,South Dakota,172.25,179.98333333333332,5,-7.73333333333332
2021-01-22,Ft. Collins,270.8333333333333,258.85520833333334,4,11.978124999999977
2021-01-22,Kalona,247.35,258.85520833333334,4,-11.505208333333343
2021-01-22,San Angelo,282.8,258.85520833333334,4,23.944791666666674
2021-01-22,South Dakota,234.4375,258.85520833333334,4,-24.417708333333337
2021-01-29,Kalona,267.6875,265.6540178571429,4,2.0334821428571104
2021-01-29,Missouri,316.25,265.6540178571429,4,50.59598214285711
2021-01-29,San Angelo,272.42857142857144,265.6540178571429,4,6.774553571428555
2021-01-29,South Dakota,206.25,265.6540178571429,4,-59.40401785714289
2021-06-04,Ft. Collins,231.5,241.48333333333335,5,-9.983333333333348
2021-06-04,Kalona,248.125,241.48333333333335,5,6.6416666666666515
2021-06-04,Missouri,251.66666666666666,241.48333333333335,5,10.183333333333309
2021-06-04,San Angelo,239.25,241.48333333333335,5,-2.2333333333333485
2021-06-04,South Dakota,236.875,241.48333333333335,5,-4.6083333333333485
2021-10-29,Ft. Collins,233.75,255.60238095238097,5,-21.85238095238097
2021-10-29,Missouri,261.6666666666667,255.60238095238097,5,6.064285714285717
2021-10-29,New Holland,283.92857142857144,255.60238095238097,5,28.326190476190476
2021-10-29,San Angelo,279.4166666666667,255.60238095238097,5,23.814285714285717
2021-10-29,South Dakota,219.25,255.60238095238097,5,-36.35238095238097
2022-01-14,Ft. Collins,311.25,338.9501984126984,6,-27.7001984126984
2022-01-14,Kalona,356.4583333333333,338.9501984126984,6,17.508134920634916
2022-01-14,Missouri,357.5,338.9501984126984,6,18.5498015873016
2022-01-14,New Holland,365.64285714285717,338.9501984126984,6,26.69265873015877
2022-01-14,San Angelo,335.75,338.9501984126984,6,-3.2001984126983984
2022-01-14,South Dakota,307.1,338.9501984126984,6,-31.850198412698376
2022-01-21,Billings,289.85,331.04791666666665,6,-41.19791666666663
2022-01-21,Ft. Collins,276.6666666666667,331.04791666666665,6,-54.381249999999966
2022-01-21,Kalona,358.5833333333333,331.04791666666665,6,27.535416666666663
2022-01-21,Missouri,412.5,331.04791666666665,6,81.45208333333335
2022-01-21,San Angelo,337.1875,331.04791666666665,6,6.1395833333333485
2022-01-21,South Dakota,311.5,331.04791666666665,6,-19.54791666666665
2022-07-01,Ft. Collins,174.83333333333334,219.12579365079364,6,-44.292460317460296
2022-07-01,Kalona,236.75,219.12579365079364,6,17.62420634920636
2022-07-01,Missouri,212.0,219.12579365079364,6,-7.125793650793639
2022-07-01,New Holland,251.2,219.12579365079364,6,32.07420634920635
2022-07-01,San Angelo,226.07142857142858,219.12579365079364,6,6.945634920634944
2022-07-01,South Dakota,213.9,219.12579365079364,6,-5.225793650793634
2022-09-30,Billings,111.375,152.1079931972789,7,-40.73299319727889
2022-09-30,Ft. Collins,132.625,152.1079931972789,7,-19.482993197278887
2022-09-30,Kalona,137.96428571428572,152.1079931972789,7,-14.143707482993165
2022-09-30,Missouri,196.875,152.1079931972789,7,44.76700680272111
2022-09-30,New Holland,178.0,152.1079931972789,7,25.892006802721113
2022-09-30,San Angelo,192.75,152.1079931972789,7,40.64200680272111
2022-09-30,South Dakota,115.16666666666667,152.1079931972789,7,-36.941326530612216
2023-06-16,Arkansas,177.5,197.6173469387755,7,-20.117346938775512
2023-06-16,Ft. Collins,217.5,197.6173469387755,7,19.882653061224488
2023-06-16,Kalona,205.0,197.6173469387755,7,7.382653061224488
2023-06-16,Missouri,165.0,197.6173469387755,7,-32.61734693877551
2023-06-16,New Holland,241.25,197.6173469387755,7,43.63265306122449
2023-06-16,San Angelo,191.82142857142858,197.6173469387755,7,-5.795918367346928
2023-06-16,South Dakota,185.25,197.6173469387755,7,-12.367346938775512
2023-06-23,Arkansas,172.5,200.83392857142857,7,-28.333928571428572
2023-06-23,Billings,200.5625,200.83392857142857,7,-0.27142857142857224
2023-06-23,Ft. Collins,225.0,200.83392857142857,7,24.166071428571428
2023-06-23,Kalona,184.375,200.83392857142857,7,-16.458928571428572
2023-06-23,New Holland,238.33333333333334,200.83392857142857,7,37.49940476190477
2023-06-23,San Angelo,200.41666666666666,200.83392857142857,7,-0.41726190476191505
2023-06-23,South Dakota,184.65,200.83392857142857,7,-16.183928571428567
2023-08-25,Arkansas,176.0,192.90128968253967,6,-16.90128968253967
2023-08-25,Ft. Collins,194.0,192.90128968253967,6,1.0987103174603305
2023-08-25,Kalona,196.0625,192.90128968253967,6,3.1612103174603305
2023-08-25,New Holland,217.92857142857142,192.90128968253967,6,25.027281746031747
2023-08-25,San Angelo,188.33333333333334,192.90128968253967,6,-4.567956349206327
2023-08-25,South Dakota,185.08333333333334,192.90128968253967,6,-7.817956349206327
2024-05-17,Arkansas,226.25,240.74590773809524,8,-14.49590773809524
2024-05-17,Billings,232.875,240.74590773809524,8,-7.870907738095241
2024-05-17,Ft. Collins,270.25,240.74590773809524,8,29.50409226190476
2024-05-17,Kalona,254.5,240.74590773809524,8,13.75409226190476
2024-05-17,Missouri,195.3125,240.74590773809524,8,-45.43340773809524
2024-05-17,New Holland,279.3333333333333,240.74590773809524,8,38.587425595238074
2024-05-17,San Angelo,235.07142857142858,240.74590773809524,8,-5.674479166666657
2024-05-17,South Dakota,232.375,240.74590773809524,8,-8.37090773809524
2024-05-24,Arkansas,201.25,240.30992063492064,6,-39.059920634920644
2024-05-24,Ft. Collins,229.25,240.30992063492064,6,-11.059920634920644
2024-05-24,Kalona,255.0,240.30992063492064,6,14.690079365079356
2024-05-24,New Holland,282.1666666666667,240.30992063492064,6,41.85674603174604
2024-05-24,San Angelo,232.89285714285714,240.30992063492064,6,-7.417063492063505
2024-05-24,South Dakota,241.3,240.30992063492064,6,0.9900793650793673
2024-06-14,Arkansas,249.375,256.93711348175634,7,-7.562113481756342
2024-06-14,Ft. Collins,275.3125,256.93711348175634,7,18.37538651824366
2024-06-14,Kalona,247.75,256.93711348175634,7,-9.187113481756342
2024-06-14,Missouri,265.0,256.93711348175634,7,8.062886518243658
2024-06-14,New Holland,289.1818181818182,256.93711348175634,7,32.244704700061845
2024-06-14,San Angelo,241.85714285714286,256.93711348175634,7,-15.07997062461348
2024-06-14,South Dakota,230.08333333333334,256.93711348175634,7,-26.853780148423
2024-09-27,Billings,167.66666666666666,180.97460317460317,7,-13.307936507936518
2024-09-27,Ft. Collins,183.35,180.97460317460317,7,2.3753968253968196
2024-09-27,Kalona,151.25,180.97460317460317,7,-29.724603174603175
2024-09-27,Missouri,201.75,180.97460317460317,7,20.775396825396825
2024-09-27,New Holland,202.72222222222223,180.97460317460317,7,21.747619047619054
2024-09-27,San Angelo,193.58333333333334,180.97460317460317,7,12.608730158730168
2024-09-27,South Dakota,166.5,180.97460317460317,7,-14.474603174603175
2024-11-22,Arkansas,216.25,212.00625,6,4.243750000000006
2024-11-22,Ft. Collins,190.5,212.00625,6,-21.506249999999994
2024-11-22,Kalona,215.5625,212.00625,6,3.5562500000000057
2024-11-22,Missouri,208.125,212.00625,6,-3.8812499999999943
2024-11-22,San Angelo,225.6,212.00625,6,13.59375
2024-11-22,South Dakota,216.0,212.00625,6,3.9937500000000057
2024-12-20,Ft. Collins,222.1875,223.14424603174606,6,-0.9567460317460643
2024-12-20,Kalona,218.8,223.14424603174606,6,-4.344246031746053
2024-12-20,Missouri,225.83333333333334,223.14424603174606,6,2.6890873015872785
2024-12-20,New Holland,234.8125,223.14424603174606,6,11.668253968253936
2024-12-20,San Angelo,237.625,223.14424603174606,6,14.480753968253936
2024-12-20,South Dakota,199.60714285714286,223.14424603174606,6,-23.537103174603203
2025-01-10,Ft. Collins,205.91666666666666,253.89940476190478,5,-47.98273809523812
2025-01-10,Kalona,289.64285714285717,253.89940476190478,5,35.74345238095239
2025-01-10,Missouri,250.0,253.89940476190478,5,-3.8994047619047763
2025-01-10,San Angelo,262.75,253.89940476190478,5,8.850595238095224
2025-01-10,South Dakota,261.1875,253.89940476190478,5,7.288095238095224
2025-01-17,Ft. Collins,231.55,243.3832671957672,6,-11.833267195767178
2025-01-17,Kalona,248.33333333333334,243.3832671957672,6,4.950066137566154
2025-01-17,Missouri,246.625,243.3832671957672,6,3.241732804232811
2025-01-17,New Holland,252.05555555555554,243.3832671957672,6,8.672288359788354
2025-01-17,San Angelo,238.7,243.3832671957672,6,-4.6832671957672005
2025-01-17,South Dakota,243.03571428571428,243.3832671957672,6,-0.34755291005291156
2025-01-31,Arkansas,215.625,231.1122448979592,7,-15.487244897959187
2025-01-31,Ft. Collins,216.125,231.1122448979592,7,-14.987244897959187
2025-01-31,Kalona,270.5357142857143,231.1122448979592,7,39.42346938775509
2025-01-31,Missouri,238.125,231.1122448979592,7,7.012755102040813
2025-01-31,New Holland,262.8333333333333,231.1122448979592,7,31.721088435374128
2025-01-31,San Angelo,173.0,231.1122448979592,7,-58.11224489795919
2025-01-31,South Dakota,241.54166666666666,231.1122448979592,7,10.42942176870747
2025-02-07,Arkansas,255.0,238.54563492063494,6,16.45436507936506
2025-02-07,Ft. Collins,231.60714285714286,238.54563492063494,6,-6.9384920634920775
2025-02-07,Missouri,196.25,238.54563492063494,6,-42.29563492063494
2025-02-07,New Holland,256.1666666666667,238.54563492063494,6,17.621031746031747
2025-02-07,San Angelo,244.0,238.54563492063494,6,5.454365079365061
2025-02-07,South Dakota,248.25,238.54563492063494,6,9.704365079365061
2025-03-14,Billings,233.14285714285714,263.1294808201058,6,-29.986623677248673
2025-03-14,Ft. Collins,255.0625,263.1294808201058,6,-8.066980820105812
2025-03-14,Kalona,277.96875,263.1294808201058,6,14.839269179894188
2025-03-14,New Holland,295.45,263.1294808201058,6,32.32051917989418
2025-03-14,San Angelo,260.625,263.1294808201058,6,-2.5044808201058117
2025-03-14,South Dakota,256.52777777777777,263.1294808201058,6,-6.60170304232804
2025-03-28,Ft. Collins,276.6666666666667,283.2981150793651,6,-6.6314484126984325
2025-03-28,Kalona,295.0,283.2981150793651,6,11.701884920634882
2025-03-28,Missouri,256.0,283.2981150793651,6,-27.298115079365118
2025-03-28,New Holland,311.9375,283.2981150793651,6,28.639384920634882
2025-03-28,San Angelo,276.64285714285717,283.2981150793651,6,-6.655257936507951
2025-03-28,South Dakota,283.5416666666667,283.2981150793651,6,0.24355158730156745
2025-05-16,Ft. Collins,303.125,286.94166666666666,6,16.183333333333337
2025-05-16,Kalona,280.0,286.94166666666666,6,-6.941666666666663
2025-05-16,Missouri,273.75,286.94166666666666,6,-13.191666666666663
2025-05-16,New Holland,327.9,286.94166666666666,6,40.958333333333314
2025-05-16,San Angelo,285.0,286.94166666666666,6,-1.9416666666666629
2025-05-16,Sioux Falls,251.875,286.94166666666666,6,-35.06666666666666
2025-08-01,Billings,215.83333333333334,214.86666666666665,5,0.966666666666697
2025-08-01,Ft. Collins,225.0,214.86666666666665,5,10.133333333333354
2025-08-01,Kalona,232.5,214.86666666666665,5,17.633333333333354
2025-08-01,Missouri,185.0,214.86666666666665,5,-29.866666666666646
2025-08-01,Sioux Falls,216.0,214.86666666666665,5,1.1333333333333542
2025-11-14,Billings,238.75,246.53333333333336,5,-7.78333333333336
2025-11-14,Equity Coop,225.0,246.53333333333336,5,-21.53333333333336
2025-11-14,Kalona,279.1666666666667,246.53333333333336,5,32.633333333333326
2025-11-14,Missouri,238.75,246.53333333333336,5,-7.78333333333336
2025-11-14,New Holland,251.0,246.53333333333336,5,4.46666666666664
2026-04-03,Ft. Collins,343.3333333333333,320.625,4,22.708333333333314
2026-04-03,Kalona,359.1666666666667,320.625,4,38.541666666666686
2026-04-03,Missouri,250.0,320.625,4,-70.625
2026-04-03,San Angelo,330.0,320.625,4,9.375
2026-08-07,Ft. Collins,305.0,295.98333333333335,5,9.016666666666652
2026-08-07,Kalona,370.0,295.98333333333335,5,74.01666666666665
2026-08-07,Missouri,215.0,295.98333333333335,5,-80.98333333333335
2026-08-07,San Angelo,283.75,295.98333333333335,5,-12.233333333333348
2026-08-07,Sioux Falls,306.1666666666667,295.98333333333335,5,10.183333333333337
