report_date,market,section,species,grade,head,wt_lo,wt_hi,avg_wt,price_lo,price_hi,avg_price
2026-08-04,San Angelo,slaughter_sheep/lambs,sheep,WOOLED & SHORN - Choice and Prime 1-3 (Per Cwt / Actual Wt),14,51,59,56.0,315.0,350.0,328.77
2026-08-04,San Angelo,slaughter_sheep/lambs,sheep,WOOLED & SHORN - Choice and Prime 1-3 (Per Cwt / Actual Wt),37,60,69,67.0,314.0,341.0,321.59
2026-08-04,San Angelo,slaughter_sheep/lambs,sheep,WOOLED & SHORN - Choice and Prime 1-3 (Per Cwt / Actual Wt),83,71,78,74.0,290.0,336.0,311.59
2026-08-04,San Angelo,slaughter_sheep/lambs,sheep,WOOLED & SHORN - Choice and Prime 1-3 (Per Cwt / Actual Wt),67,80,88,82.0,297.0,312.0,305.73
2026-08-04,San Angelo,slaughter_sheep/lambs,sheep,WOOLED & SHORN - Choice and Prime 1-3 (Per Cwt / Actual Wt),20,96,97,97.0,282.0,310.0,291.73
2026-08-04,San Angelo,slaughter_sheep/lambs,sheep,WOOLED & SHORN - Choice and Prime 1-3 (Per Cwt / Actual Wt),22,100,107,103.0,259.0,282.0,273.27
2026-08-04,San Angelo,slaughter_sheep/lambs,sheep,WOOLED & SHORN - Choice 1-3 (Per Cwt / Actual Wt),2,53,53,53.0,295.0,295.0,295.0
2026-08-04,San Angelo,slaughter_sheep/lambs,sheep,WOOLED & SHORN - Choice 1-3 (Per Cwt / Actual Wt),3,60,60,60.0,287.0,287.0,287.0
2026-08-04,San Angelo,slaughter_sheep/lambs,sheep,WOOLED & SHORN - Choice 1-3 (Per Cwt / Actual Wt),6,73,78,75.0,279.0,280.0,279.65
2026-08-04,San Angelo,slaughter_sheep/lambs,sheep,WOOLED & SHORN - Choice 1-3 (Per Cwt / Actual Wt),17,84,84,84.0,274.0,274.0,274.0
2026-08-04,San Angelo,slaughter_sheep/lambs,sheep,WOOLED & SHORN - Choice 1-3 (Per Cwt / Actual Wt),4,90,97,95.0,251.0,262.0,259.4
2026-08-04,San Angelo,slaughter_sheep/lambs,sheep,HAIR BREEDS - Choice and Prime 1-3 (Per Cwt / Actual Wt),8,34,34,34.0,380.0,380.0,380.0
2026-08-04,San Angelo,slaughter_sheep/lambs,sheep,HAIR BREEDS - Choice and Prime 1-3 (Per Cwt / Actual Wt),35,43,49,46.0,337.0,395.0,353.05
2026-08-04,San Angelo,slaughter_sheep/lambs,sheep,HAIR BREEDS - Choice and Prime 1-3 (Per Cwt / Actual Wt),118,50,59,55.0,325.0,355.0,345.85
2026-08-04,San Angelo,slaughter_sheep/lambs,sheep,HAIR BREEDS - Choice and Prime 1-3 (Per Cwt / Actual Wt),205,60,68,64.0,320.0,355.0,340.16
2026-08-04,San Angelo,slaughter_sheep/lambs,sheep,HAIR BREEDS - Choice and Prime 1-3 (Per Cwt / Actual Wt),297,70,79,74.0,289.0,340.0,316.98
2026-08-04,San Angelo,slaughter_goats,goat,,174,80,88,84.0,280.0,321.0,293.93
2026-08-04,San Angelo,slaughter_goats,goat,,79,90,98,94.0,277.0,310.0,290.25
2026-08-04,San Angelo,slaughter_goats,goat,,55,100,108,104.0,257.0,300.0,276.38
2026-08-04,San Angelo,slaughter_goats,goat,,46,110,119,114.0,245.0,282.0,263.69
2026-08-04,San Angelo,slaughter_goats,goat,,7,125,125,125.0,270.0,270.0,270.0
2026-08-04,San Angelo,slaughter_goats,goat,,4,150,150,150.0,227.0,227.0,227.0
2026-08-04,San Angelo,slaughter_goats,goat,HAIR BREEDS - Choice 1-3 (Per Cwt / Actual Wt),24,35,38,37.0,320.0,330.0,327.65
2026-08-04,San Angelo,slaughter_goats,goat,HAIR BREEDS - Choice 1-3 (Per Cwt / Actual Wt),28,54,58,56.0,297.0,315.0,308.59
2026-08-04,San Angelo,slaughter_goats,goat,HAIR BREEDS - Choice 1-3 (Per Cwt / Actual Wt),100,60,69,64.0,280.0,313.0,306.3
2026-08-04,San Angelo,slaughter_goats,goat,HAIR BREEDS - Choice 1-3 (Per Cwt / Actual Wt),1,70,70,70.0,272.0,272.0,272.0
2026-08-04,San Angelo,slaughter_goats,goat,HAIR BREEDS - Choice 1-3 (Per Cwt / Actual Wt),64,83,89,87.0,250.0,279.0,276.02
2026-08-04,San Angelo,slaughter_goats,goat,HAIR BREEDS - Choice 1-3 (Per Cwt / Actual Wt),20,94,98,95.0,262.0,264.0,263.69
2026-08-04,San Angelo,slaughter_goats,goat,EWES - Good 2-3 (Per Cwt / Actual Wt),1,95,95,95.0,120.0,120.0,120.0
2026-08-04,San Angelo,slaughter_goats,goat,EWES - Good 2-3 (Per Cwt / Actual Wt),46,108,148,126.0,129.0,167.0,156.52
2026-08-04,San Angelo,slaughter_goats,goat,EWES - Good 2-3 (Per Cwt / Actual Wt),12,163,185,171.0,149.0,161.0,156.88
2026-08-04,San Angelo,slaughter_goats,goat,HAIR EWES - Good 2-3 (Per Cwt / Actual Wt),95,100,140,124.0,113.0,177.0,145.36
2026-08-04,San Angelo,slaughter_goats,goat,HAIR EWES - Good 2-3 (Per Cwt / Actual Wt),28,152,183,166.0,120.0,159.0,140.73
2026-08-04,San Angelo,slaughter_goats,goat,BUCKS - 1-2 (Per Cwt / Actual Wt),5,138,138,138.0,170.0,170.0,170.0
2026-08-04,San Angelo,slaughter_goats,goat,BUCKS - 1-2 (Per Cwt / Actual Wt),32,155,190,166.0,155.0,165.0,161.42
2026-08-04,San Angelo,slaughter_goats,goat,HAIR BUCKS - 1-2 (Per Cwt / Actual Wt),3,120,120,120.0,162.0,162.0,162.0
2026-08-04,San Angelo,slaughter_goats,goat,HAIR BUCKS - 1-2 (Per Cwt / Actual Wt),10,155,197,174.0,152.0,175.0,164.63
2026-08-04,San Angelo,slaughter_goats,goat,HAIR BUCKS - 1-2 (Per Cwt / Actual Wt),2,200,240,220.0,140.0,155.0,146.82
2026-08-03,New Holland,slaughter_sheep/lambs,sheep,WOOLED & SHORN - Choice 1-3 (Per Cwt / Actual Wt),10,43,47,46.0,320.0,330.0,324.4
2026-08-03,New Holland,slaughter_sheep/lambs,sheep,WOOLED & SHORN - Choice 1-3 (Per Cwt / Actual Wt),20,51,57,54.0,300.0,335.0,326.76
2026-08-03,New Holland,slaughter_sheep/lambs,sheep,WOOLED & SHORN - Choice 1-3 (Per Cwt / Actual Wt),10,63,68,66.0,310.0,345.0,322.24
2026-08-03,New Holland,slaughter_sheep/lambs,sheep,WOOLED & SHORN - Choice 1-3 (Per Cwt / Actual Wt),32,75,79,78.0,322.0,340.0,330.47
2026-08-03,New Holland,slaughter_sheep/lambs,sheep,WOOLED & SHORN - Choice 1-3 (Per Cwt / Actual Wt),112,80,89,86.0,285.0,315.0,306.27
2026-08-03,New Holland,slaughter_sheep/lambs,sheep,WOOLED & SHORN - Choice 1-3 (Per Cwt / Actual Wt),52,90,98,94.0,285.0,315.0,302.76
2026-08-03,New Holland,slaughter_sheep/lambs,sheep,WOOLED & SHORN - Choice 1-3 (Per Cwt / Actual Wt),40,100,105,101.0,275.0,310.0,287.72
2026-08-03,New Holland,slaughter_sheep/lambs,sheep,WOOLED & SHORN - Choice 1-3 (Per Cwt / Actual Wt),25,111,118,114.0,295.0,315.0,304.75
2026-08-03,New Holland,slaughter_sheep/lambs,sheep,WOOLED & SHORN - Choice 1-3 (Per Cwt / Actual Wt),20,122,128,124.0,250.0,285.0,257.28
2026-08-03,New Holland,slaughter_sheep/lambs,sheep,WOOLED & SHORN - Choice 1-3 (Per Cwt / Actual Wt),34,130,138,134.0,250.0,285.0,258.41
2026-08-03,New Holland,slaughter_sheep/lambs,sheep,WOOLED & SHORN - Choice 1-3 (Per Cwt / Actual Wt),5,145,148,147.0,260.0,265.0,261.98
2026-08-03,New Holland,slaughter_sheep/lambs,sheep,WOOLED & SHORN - Choice 1-3 (Per Cwt / Actual Wt),21,151,158,153.0,245.0,270.0,260.42
2026-08-03,New Holland,slaughter_sheep/lambs,sheep,WOOLED & SHORN - Good and Choice 1-2 (Per Cwt / Actual Wt),7,63,68,66.0,270.0,305.0,292.0
2026-08-03,New Holland,slaughter_sheep/lambs,sheep,WOOLED & SHORN - Good and Choice 1-2 (Per Cwt / Actual Wt),11,75,76,76.0,275.0,285.0,277.7
2026-08-03,New Holland,slaughter_sheep/lambs,sheep,WOOLED & SHORN - Good and Choice 1-2 (Per Cwt / Actual Wt),5,101,101,101.0,255.0,255.0,255.0
2026-08-03,New Holland,slaughter_goats,goat,HAIR BREEDS - Choice 1-3 (Per Cwt / Actual Wt),9,36,38,36.0,310.0,310.0,310.0
2026-08-03,New Holland,slaughter_goats,goat,HAIR BREEDS - Choice 1-3 (Per Cwt / Actual Wt),51,43,47,44.0,285.0,310.0,292.41
2026-08-03,New Holland,slaughter_goats,goat,HAIR BREEDS - Choice 1-3 (Per Cwt / Actual Wt),178,50,58,55.0,300.0,345.0,325.75
2026-08-03,New Holland,slaughter_goats,goat,HAIR BREEDS - Choice 1-3 (Per Cwt / Actual Wt),113,61,69,64.0,310.0,345.0,334.27
2026-08-03,New Holland,slaughter_goats,goat,HAIR BREEDS - Choice 1-3 (Per Cwt / Actual Wt),102,70,79,74.0,290.0,325.0,305.76
2026-08-03,New Holland,slaughter_goats,goat,HAIR BREEDS - Choice 1-3 (Per Cwt / Actual Wt),92,82,89,86.0,270.0,295.0,279.3
2026-08-03,New Holland,slaughter_goats,goat,HAIR BREEDS - Choice 1-3 (Per Cwt / Actual Wt),135,90,99,95.0,285.0,310.0,295.68
2026-08-03,New Holland,slaughter_goats,goat,HAIR BREEDS - Choice 1-3 (Per Cwt / Actual Wt),35,100,108,104.0,270.0,290.0,276.32
2026-08-03,New Holland,slaughter_goats,goat,HAIR BREEDS - Choice 1-3 (Per Cwt / Actual Wt),7,115,117,116.0,240.0,270.0,254.18
2026-08-03,New Holland,slaughter_goats,goat,HAIR BREEDS - Choice 1-3 (Per Cwt / Actual Wt),4,123,128,126.0,220.0,235.0,227.35
2026-08-03,New Holland,slaughter_goats,goat,HAIR BREEDS - Choice 1-3 (Per Cwt / Actual Wt),5,134,134,134.0,190.0,190.0,190.0
2026-08-03,New Holland,slaughter_goats,goat,HAIR BREEDS - Choice 1-3 (Per Cwt / Actual Wt),2,178,178,178.0,170.0,170.0,170.0
2026-08-03,New Holland,slaughter_goats,goat,HAIR BREEDS - Good and Choice 1-2 (Per Cwt / Actual Wt),34,37,39,37.0,275.0,290.0,288.15
2026-08-03,New Holland,slaughter_goats,goat,HAIR BREEDS - Good and Choice 1-2 (Per Cwt / Actual Wt),2,43,43,43.0,240.0,240.0,240.0
2026-08-03,New Holland,slaughter_goats,goat,HAIR BREEDS - Good and Choice 1-2 (Per Cwt / Actual Wt),20,67,68,68.0,260.0,275.0,263.71
2026-08-03,New Holland,slaughter_goats,goat,HAIR BREEDS - Good and Choice 1-2 (Per Cwt / Actual Wt),10,74,78,75.0,265.0,275.0,270.94
2026-08-03,New Holland,slaughter_goats,goat,HAIR BREEDS - Good and Choice 1-2 (Per Cwt / Actual Wt),5,80,80,80.0,190.0,190.0,190.0
2026-08-03,New Holland,slaughter_goats,goat,HAIR BREEDS - Good and Choice 1-2 (Per Cwt / Actual Wt),9,93,98,94.0,235.0,255.0,239.63
2026-08-03,New Holland,slaughter_goats,goat,HAIR BREEDS - Good and Choice 1-2 (Per Cwt / Actual Wt),3,137,137,137.0,195.0,195.0,195.0
2026-08-03,New Holland,slaughter_goats,goat,EWES - Good 2-3 (Per Cwt / Actual Wt),19,120,139,135.0,170.0,205.0,178.67
2026-08-03,New Holland,slaughter_goats,goat,EWES - Good 2-3 (Per Cwt / Actual Wt),17,155,175,159.0,175.0,200.0,188.45
2026-08-03,New Holland,slaughter_goats,goat,EWES - Good 2-3 (Per Cwt / Actual Wt),4,219,219,219.0,185.0,185.0,185.0
2026-08-03,New Holland,slaughter_goats,goat,EWES - Utility 1-2 (Per Cwt / Actual Wt),14,118,132,128.0,150.0,155.0,151.4
2026-08-03,New Holland,slaughter_goats,goat,HAIR EWES - Good 2-3 (Per Cwt / Actual Wt),12,80,94,87.0,205.0,220.0,213.1
2026-08-03,New Holland,slaughter_goats,goat,HAIR EWES - Good 2-3 (Per Cwt / Actual Wt),86,102,145,115.0,170.0,210.0,200.74
2026-08-03,New Holland,slaughter_goats,goat,HAIR EWES - Good 2-3 (Per Cwt / Actual Wt),2,190,190,190.0,155.0,155.0,155.0
2026-08-03,New Holland,slaughter_goats,goat,HAIR EWES - Good 2-3 (Per Cwt / Actual Wt),1,240,240,240.0,125.0,125.0,125.0
2026-08-03,New Holland,slaughter_goats,goat,HAIR EWES - Utility 1-2 (Per Cwt / Actual Wt),6,97,97,97.0,125.0,125.0,125.0
2026-08-03,New Holland,slaughter_goats,goat,BUCKS - 1-2 (Per Cwt / Actual Wt),5,200,233,220.0,130.0,155.0,143.52
2026-08-03,New Holland,slaughter_goats,goat,HAIR BUCKS - 1-2 (Per Cwt / Actual Wt),3,150,175,163.0,170.0,195.0,179.34
2026-08-03,New Holland,slaughter_goats,goat,KIDS - Selection 1 (Per Unit / Estimate Wt),15,20,20,20.0,50.0,65.0,54.0
2026-08-03,New Holland,slaughter_goats,goat,KIDS - Selection 1 (Per Unit / Estimate Wt),6,30,30,30.0,125.0,125.0,125.0
2026-08-03,New Holland,slaughter_goats,goat,KIDS - Selection 1 (Per Unit / Estimate Wt),22,30,39,33.0,70.0,100.0,82.05
2026-08-03,New Holland,slaughter_goats,goat,KIDS - Selection 1 (Per Unit / Estimate Wt),44,40,49,47.0,160.0,217.0,193.75
2026-08-03,New Holland,slaughter_goats,goat,KIDS - Selection 1 (Per Unit / Estimate Wt),8,40,49,42.0,110.0,135.0,128.75
2026-08-03,New Holland,slaughter_goats,goat,KIDS - Selection 1 (Per Unit / Estimate Wt),109,50,59,56.0,215.0,265.0,244.86
2026-08-03,New Holland,slaughter_goats,goat,KIDS - Selection 1 (Per Unit / Estimate Wt),139,60,69,64.0,250.0,300.0,279.06
2026-08-03,New Holland,slaughter_goats,goat,KIDS - Selection 1 (Per Unit / Estimate Wt),2,70,70,70.0,270.0,270.0,270.0
2026-08-03,New Holland,slaughter_goats,goat,KIDS - Selection 1 (Per Unit / Estimate Wt),3,70,70,70.0,245.0,245.0,245.0
2026-08-03,New Holland,slaughter_goats,goat,KIDS - Selection 2 (Per Unit / Estimate Wt),24,20,20,20.0,80.0,80.0,80.0
2026-08-03,New Holland,slaughter_goats,goat,KIDS - Selection 2 (Per Unit / Estimate Wt),12,30,39,35.0,75.0,120.0,93.75
2026-08-03,New Holland,slaughter_goats,goat,KIDS - Selection 2 (Per Unit / Estimate Wt),39,40,49,44.0,95.0,210.0,131.79
2026-08-03,New Holland,slaughter_goats,goat,KIDS - Selection 2 (Per Unit / Estimate Wt),21,50,59,53.0,150.0,200.0,168.57
2026-08-03,New Holland,slaughter_goats,goat,KIDS - Selection 2 (Per Unit / Estimate Wt),8,60,69,68.0,175.0,220.0,214.38
2026-08-03,New Holland,slaughter_goats,goat,NANNIES/DOES - Selection 1 (Per Unit / Estimate Wt),20,60,69,67.0,105.0,135.0,129.0
2026-08-03,New Holland,slaughter_goats,goat,NANNIES/DOES - Selection 1 (Per Unit / Estimate Wt),8,80,89,88.0,195.0,205.0,196.25
2026-08-03,New Holland,slaughter_goats,goat,NANNIES/DOES - Selection 1 (Per Unit / Estimate Wt),1,80,80,80.0,185.0,185.0,185.0
2026-08-03,New Holland,slaughter_goats,goat,Hair Goats,5,90,99,92.0,205.0,220.0,217.0
2026-08-03,New Holland,slaughter_goats,goat,Hair Goats,23,120,149,134.0,265.0,320.0,295.43
2026-08-03,New Holland,slaughter_goats,goat,Hair Goats,6,150,150,150.0,315.0,315.0,315.0
2026-08-03,New Holland,slaughter_goats,goat,NANNIES/DOES - Selection 2 (Per Unit / Estimate Wt),3,50,50,50.0,95.0,95.0,95.0
2026-08-03,New Holland,slaughter_goats,goat,NANNIES/DOES - Selection 2 (Per Unit / Estimate Wt),5,60,60,60.0,80.0,80.0,80.0
2026-08-03,New Holland,slaughter_goats,goat,NANNIES/DOES - Selection 2 (Per Unit / Estimate Wt),6,70,70,70.0,205.0,205.0,205.0
2026-08-03,New Holland,slaughter_goats,goat,NANNIES/DOES - Selection 2 (Per Unit / Estimate Wt),2,80,80,80.0,165.0,165.0,165.0
2026-08-03,New Holland,slaughter_goats,goat,NANNIES/DOES - Selection 2 (Per Unit / Estimate Wt),8,90,99,96.0,160.0,170.0,166.25
2026-08-03,New Holland,slaughter_goats,goat,NANNIES/DOES - Selection 2 (Per Unit / Estimate Wt),29,100,130,115.0,130.0,190.0,172.24
2026-08-03,New Holland,slaughter_goats,goat,BUCKS/BILLIES - Selection 1 (Per Unit / Estimate Wt),6,50,59,53.0,115.0,170.0,147.5
2026-08-03,New Holland,slaughter_goats,goat,BUCKS/BILLIES - Selection 1 (Per Unit / Estimate Wt),27,60,69,63.0,150.0,195.0,172.78
2026-08-03,New Holland,slaughter_goats,goat,BUCKS/BILLIES - Selection 1 (Per Unit / Estimate Wt),3,70,70,70.0,200.0,200.0,200.0
2026-08-03,New Holland,slaughter_goats,goat,BUCKS/BILLIES - Selection 1 (Per Unit / Estimate Wt),5,70,70,70.0,175.0,205.0,193.0
2026-08-03,New Holland,slaughter_goats,goat,BUCKS/BILLIES - Selection 1 (Per Unit / Estimate Wt),6,80,89,82.0,260.0,275.0,265.83
2026-08-03,New Holland,slaughter_goats,goat,BUCKS/BILLIES - Selection 1 (Per Unit / Estimate Wt),3,90,90,90.0,320.0,320.0,320.0
2026-08-03,New Holland,slaughter_goats,goat,BUCKS/BILLIES - Selection 1 (Per Unit / Estimate Wt),17,100,149,135.0,360.0,435.0,405.29
2026-08-03,New Holland,slaughter_goats,goat,BUCKS/BILLIES - Selection 1 (Per Unit / Estimate Wt),6,150,175,156.0,525.0,615.0,555.83
2026-08-03,New Holland,slaughter_goats,goat,BUCKS/BILLIES - Selection 2 (Per Unit / Estimate Wt),4,50,50,50.0,85.0,85.0,85.0
2026-08-03,New Holland,slaughter_goats,goat,BUCKS/BILLIES - Selection 2 (Per Unit / Estimate Wt),2,80,80,80.0,215.0,215.0,215.0
2026-08-03,New Holland,slaughter_goats,goat,BUCKS/BILLIES - Selection 2 (Per Unit / Estimate Wt),9,90,99,96.0,250.0,275.0,266.67
2026-08-03,New Holland,slaughter_goats,goat,WETHERS - Selection 1 (Per Unit / Estimate Wt),5,60,60,60.0,360.0,360.0,360.0
2026-08-03,New Holland,slaughter_goats,goat,WETHERS - Selection 1 (Per Unit / Estimate Wt),3,100,100,100.0,340.0,415.0,390.0
